id,country,numberOfGoldMedals,xCoordinate,yCoordinate,inEurope,recentMedal
1,Greenland,96,520,80,0,2008
2,Mexico,547,250,360,0,2012
3,Kazakhstan,231,940,230,0,2016
4,France,196,610,350,1,2012
5,Poland,1,770,310,1,2008
6,Russia,589,1022,150,0,2016
7,Great Britain,495,565,265,1,2012
8,Mongolia,700,1090,240,0,2004
9,Brazil,108,450,500,0,2012
10,India,246,980,360,0,2000
11,Argentina,400,400,600,0,2008
12,Japan,55,1250,300,0,2000
13,China,601,1100,320,0,2004
14,Algeria,629,670,330,0,2016
15,New Zealand,7,1400,650,0,2008
16,United States,435,260,280,0,2000
17,Australia,267,1220,555,0,2004
18,Madagascar,90,870,550,0,2016
19,Germany,946,675,295,1,2000
20,Canada,54,270,205,0,2016
